{"cameraMode":{"drawMode":0,"name":"Shaded","section":"Shading Mode"},"sceneLighting":true,"audioPlay":false,"sceneViewState":{"m_AlwaysRefresh":false,"showFog":true,"showSkybox":true,"showFlares":true,"showImageEffects":true,"showParticleSystems":true,"showVisualEffectGraphs":true,"m_FxEnabled":true},"in2DMode":false,"pivot":{"x":-1.2290678024291993,"y":13.636860847473145,"z":-6.920168876647949},"rotation":{"x":-0.15269088745117188,"y":0.008886626921594143,"z":-0.00137430801987648,"w":-0.9882549047470093},"size":5.227616786956787,"orthographic":false}